Beta,absolute_error,l2_relative_error
0.0001,0.004635075572878122,0.0006574072758667171
30.0,0.09814361482858658,0.013162840157747269
