Beta,absolute_error,l2_relative_error
0.0001,0.003450196934863925,0.0004893522127531469
30.0,0.07477539032697678,0.010028737597167492
