Beta,absolute_error,l2_relative_error
30.0,1.2447257041931152,0.008836966007947922
