Beta,absolute_error,l2_relative_error
0.0001,0.0006555261206813157,1.7567215763847344e-05
