Beta,absolute_error,l2_relative_error
30.0,1.5824298858642578,0.011234506964683533
