Beta,absolute_error,l2_relative_error
30.0,11.729227066040039,0.004934356547892094
