Beta,absolute_error,l2_relative_error
0.0001,0.013983077369630337,0.0019832635298371315
