Beta,absolute_error,l2_relative_error
30.0,1.134827971458435,0.010030556470155716
