Beta,absolute_error,l2_relative_error
0.0001,0.012795531190931797,0.0018148302333429456
