Beta,absolute_error,l2_relative_error
0.0001,0.06922353804111481,0.009818190708756447
30.0,0.07453569024801254,0.00999658927321434
