Beta,absolute_error,l2_relative_error
0.0001,0.29808667302131653,0.007988321594893932
30.0,1.3812673091888428,0.009806348010897636
