Beta,absolute_error,l2_relative_error
0.0001,0.0800609365105629,0.011355293914675713
30.0,0.09473589062690735,0.012705802917480469
