Beta,absolute_error,l2_relative_error
30.0,1.1931430101394653,0.010545994155108929
