Beta,absolute_error,l2_relative_error
0.0001,0.0018613873980939388,0.00026400640490464866
30.0,0.07364625483751297,0.009877299889922142
