Beta,absolute_error,l2_relative_error
0.0001,2.4831148692783245e-08,6.65441313163484e-10
