Beta,absolute_error,l2_relative_error
30.0,0.6165854334831238,0.000259390682913363
