Beta,absolute_error,l2_relative_error
0.0001,0.007680571638047695,0.0010893595172092319
30.0,0.07452236860990524,0.009994802996516228
