Beta,absolute_error,l2_relative_error
0.0001,0.0032424358651041985,0.0004598848463501781
30.0,0.07492281496524811,0.010048510506749153
