Beta,absolute_error,l2_relative_error
30.0,0.07595190405845642,0.010186528787016869
