Beta,absolute_error,l2_relative_error
30.0,0.07636630535125732,0.22009402513504028
