Beta,absolute_error,l2_relative_error
0.0001,0.00033062073634937406,0.0012351857731118798
30.0,0.07537315785884857,0.1246262937784195
