Beta,absolute_error,l2_relative_error
0.0001,0.00033062073634937406,0.0012351857731118798
