Beta,absolute_error,l2_relative_error
0.0001,0.0049627721309661865,0.0007038854528218508
30.0,0.07640739530324936,0.010247618891298771
