Beta,absolute_error,l2_relative_error
0.0001,0.0005183009197935462,1.3889766705688089e-05
30.0,1.4687050580978394,0.010427115485072136
