Beta,absolute_error,l2_relative_error
0.0001,0.20986905694007874,0.02976638451218605
30.0,0.2288988083600998,0.030699485912919044
