Beta,absolute_error,l2_relative_error
0.0001,0.020616983994841576,0.0029241712763905525
30.0,0.07299578189849854,0.009790060110390186
