Beta,absolute_error,l2_relative_error
0.0001,0.026790715754032135,0.003799811005592346
30.0,0.07576032727956772,0.010160835459828377
