Beta,absolute_error,l2_relative_error
0.0001,0.004727768711745739,0.0006705542327836156
30.0,0.07899948209524155,0.010595263913273811
