Beta,absolute_error,l2_relative_error
30.0,1.6788119077682495,0.014838742092251778
