Beta,absolute_error,l2_relative_error
30.0,1.6256449222564697,0.011541313491761684
