Beta,absolute_error,l2_relative_error
30.0,1.3005176782608032,0.009233063086867332
