Beta,absolute_error,l2_relative_error
0.0001,0.010348538868129253,0.0014677656581625342
30.0,0.08187750726938248,0.010981259867548943
