Beta,absolute_error,l2_relative_error
30.0,1.6609158515930176,0.014680560678243637
