Beta,absolute_error,l2_relative_error
30.0,1.2328790426254272,0.010897214524447918
