Beta,absolute_error,l2_relative_error
30.0,0.7835197448730469,0.005562621168792248
