Beta,absolute_error,l2_relative_error
0.0001,0.012103311717510223,0.0017166505567729473
30.0,0.07474882900714874,0.010025175288319588
