Beta,absolute_error,l2_relative_error
30.0,1.0897046327590942,0.007736389525234699
