Beta,absolute_error,l2_relative_error
0.0001,0.0019365788903087378,0.0002746710379142314
