Beta,absolute_error,l2_relative_error
30.0,1.1358447074890137,0.010039543733000755
