Beta,absolute_error,l2_relative_error
0.0001,0.0021776235662400723,0.0003088591620326042
