Beta,absolute_error,l2_relative_error
30.0,1.132997751235962,0.01001438032835722
