Beta,absolute_error,l2_relative_error
0.0001,0.004619363229721785,0.000655178795568645
30.0,0.07480727136135101,0.010033013299107552
