Beta,absolute_error,l2_relative_error
0.0001,0.0032827199902385473,0.0004655984812416136
30.0,0.07380121201276779,0.009898082353174686
