Beta,absolute_error,l2_relative_error
0.0001,0.027724573388695717,0.12988877296447754
30.0,0.07612049579620361,0.20821307599544525
