Beta,absolute_error,l2_relative_error
0.0001,0.004745211917907,0.0006730282912030816
