Beta,absolute_error,l2_relative_error
0.0001,0.004285367205739021,0.0006078070728108287
