Beta,absolute_error,l2_relative_error
0.0001,0.07199319452047348,0.010211018845438957
30.0,0.2680234909057617,0.035946816205978394
