Beta,absolute_error,l2_relative_error
30.0,1.6323375701904297,0.01442796178162098
