Beta,absolute_error,l2_relative_error
30.0,1.231168270111084,0.010882092639803886
