Beta,absolute_error,l2_relative_error
0.0001,0.0014865932753309608,0.0002108481858158484
