Beta,absolute_error,l2_relative_error
0.0001,0.001670344267040491,0.00023691014212090522
