Beta,absolute_error,l2_relative_error
0.0001,0.022694751620292664,0.003218867816030979
30.0,0.22087880969047546,0.029623858630657196
