Beta,absolute_error,l2_relative_error
0.0001,0.006547951605170965,0.00017547629249747843
30.0,1.3977326154708862,0.009923244826495647
