Beta,absolute_error,l2_relative_error
0.0001,0.1048291027545929,0.014868238940834999
30.0,0.1127263531088829,0.01511865109205246
