Beta,absolute_error,l2_relative_error
30.0,0.06163763999938965,0.0004375981807243079
