Beta,absolute_error,l2_relative_error
30.0,23.547624588012695,0.009906225837767124
