Beta,absolute_error,l2_relative_error
30.0,1.4220186471939087,0.01009566243737936
