Beta,absolute_error,l2_relative_error
30.0,23.551969528198242,0.009908054023981094
