Beta,absolute_error,l2_relative_error
0.0001,0.010905314236879349,0.0002922477142419666
