Beta,absolute_error,l2_relative_error
30.0,0.07834751904010773,0.0005562304868362844
