Beta,absolute_error,l2_relative_error
0.0001,0.322295606136322,0.008637088350951672
30.0,1.433846116065979,0.010179632343351841
