Beta,absolute_error,l2_relative_error
0.0001,0.02157309465110302,0.0030597795266658068
30.0,0.11529931426048279,0.015463732182979584
