Beta,absolute_error,l2_relative_error
0.0001,0.0017660835292190313,0.00025048915995284915
30.0,0.0814644992351532,0.010925868526101112
