Beta,absolute_error,l2_relative_error
0.0001,0.4130110740661621,0.058578651398420334
30.0,0.361125111579895,0.04843343049287796
