Beta,absolute_error,l2_relative_error
0.0001,0.0016477602766826749,4.415775401866995e-05
30.0,1.3149802684783936,0.009335741400718689
