Beta,absolute_error,l2_relative_error
0.0001,0.07041866332292557,0.00998769886791706
30.0,0.07458267360925674,0.010002890601754189
