Beta,absolute_error,l2_relative_error
0.0001,0.004847298376262188,0.0006875074468553066
30.0,0.07642240077257156,0.010249631479382515
