Beta,absolute_error,l2_relative_error
0.0001,0.07356177270412445,0.010433496907353401
30.0,0.07377939671278,0.00989515706896782
