Beta,absolute_error,l2_relative_error
0.0001,0.001831735367886722,0.00025980075588449836
30.0,0.07297758758068085,0.00978761911392212
