Beta,absolute_error,l2_relative_error
0.0001,0.0010113661410287023,2.710324952204246e-05
