Beta,absolute_error,l2_relative_error
30.0,1.3467243909835815,0.00956110842525959
