Beta,absolute_error,l2_relative_error
0.0001,0.0024346692953258753,6.524584750877693e-05
30.0,0.2282315045595169,0.0016203360864892602
