Beta,absolute_error,l2_relative_error
30.0,1.0745958089828491,0.00045207064249552786
