Beta,absolute_error,l2_relative_error
0.0001,0.1936907172203064,0.005190650001168251
30.0,1.454192876815796,0.010324084199965
