Beta,absolute_error,l2_relative_error
30.0,2.3956565856933594,0.0010078264167532325
