Beta,absolute_error,l2_relative_error
0.0001,0.1938009262084961,0.0017129742773249745
