Beta,absolute_error,l2_relative_error
0.0001,0.014531132765114307,0.0003894147521350533
30.0,1.6192917823791504,0.011496208608150482
