Beta,absolute_error,l2_relative_error
0.0001,0.04351020231842995,0.0061711883172392845
