Beta,absolute_error,l2_relative_error
30.0,0.09468188136816025,0.01269855909049511
