Beta,absolute_error,l2_relative_error
0.0001,0.001680793589912355,0.0002383922110311687
30.0,0.07466281950473785,0.0100136399269104
