Beta,absolute_error,l2_relative_error
30.0,25.95838165283203,0.010920405387878418
