Beta,absolute_error,l2_relative_error
30.0,0.016238771378993988,0.00011528762843227014
