Beta,absolute_error,l2_relative_error
0.0001,0.25813761353492737,0.006917739752680063
