Beta,absolute_error,l2_relative_error
0.0001,0.005437493324279785,0.000771216640714556
30.0,0.07301502674818039,0.009792640805244446
