,Beta,absolute_error,l2_relative_error,activation,experiment
0,30.0,0.11660285294055939,0.0010306333424523473,sin,SQP_experiment
0,30.0,0.11660285294055939,0.0010306333424523473,sin,SQP_experiment
0,30.0,0.11660285294055939,0.0010306333424523473,sin,SQP_experiment
0,30.0,0.11660285294055939,0.0010306333424523473,sin,SQP_experiment
0,30.0,0.11660285294055939,0.0010306333424523473,sin,SQP_experiment
0,30.0,0.11660285294055939,0.0010306333424523473,sin,SQP_experiment
0,30.0,0.11660285294055939,0.0010306333424523473,sin,SQP_experiment
