Beta,absolute_error,l2_relative_error
0.0001,0.09609805792570114,0.01362988818436861
30.0,0.08215810358524323,0.01101889368146658
