Beta,absolute_error,l2_relative_error
0.0001,0.1541593372821808,0.00413126265630126
