Beta,absolute_error,l2_relative_error
30.0,0.08192796260118484,0.010988027788698673
