Beta,absolute_error,l2_relative_error
30.0,0.07603870332241058,0.010198171250522137
