Beta,absolute_error,l2_relative_error
30.0,0.07520235329866409,0.12790584564208984
