Beta,absolute_error,l2_relative_error
30.0,1.200985312461853,0.01061531063169241
