Beta,absolute_error,l2_relative_error
0.0001,0.0007316924748010933,0.0023743242491036654
30.0,0.0774407908320427,0.3764515221118927
