Beta,absolute_error,l2_relative_error
30.0,0.02922983095049858,0.003920251037925482
