Beta,absolute_error,l2_relative_error
0.0001,0.0007316924748010933,0.0023743242491036654
