Beta,absolute_error,l2_relative_error
30.0,1.3800971508026123,0.012198450043797493
