Beta,absolute_error,l2_relative_error
0.0001,0.0017742749769240618,0.00025165098486468196
30.0,0.07740887999534607,0.010381937026977539
